{
	"class_name" : "PinholeCameraParameters",
	"extrinsic" : 
	[
		0.99791510078641577,
		0.063107617363226995,
		-0.013523322564161555,
		0.0,
		0.057638961436847061,
		-0.77715088420933554,
		0.62666917372496456,
		0.0,
		0.029037936340578475,
		-0.62614210192526154,
		-0.7791680604655814,
		0.0,
		-0.20355023986135612,
		0.53668817478933095,
		0.59729232405958721,
		1.0
	],
	"intrinsic" : 
	{
		"height" : 1016,
		"intrinsic_matrix" : 
		[
			879.88181024498977,
			0.0,
			0.0,
			0.0,
			879.88181024498977,
			0.0,
			923.5,
			507.5,
			1.0
		],
		"width" : 1848
	},
	"version_major" : 1,
	"version_minor" : 0
}